Epoch,Focal Loss,Dice Loss,IoU Loss,Total Loss,Validation Loss
1,0.05650749391237601,0.22261419790480838,0.002334630040049867,1.355098704745938,0.23457659868633046
2,0.0293778821715665,0.19910624086992615,0.0010349298445486669,0.7876988136483216,0.20651082752966413
3,0.026401498715620243,0.17996699581928297,0.0008004660841320474,0.7087974358256695,0.18762673846646852
4,0.024997535004685708,0.1685710963464272,0.0007204484947106392,0.6692422456309572,0.19212602604837978
5,0.023338331733268085,0.15861541073523241,0.0005994869984067438,0.6259815312735312,0.17713560017884947
6,0.02282082182323403,0.15210300711129957,0.0005311771102182266,0.6090506228336169,0.1679003963283464
7,0.021008919498083395,0.14206206689934525,0.0004470720861991761,0.5626875277532261,0.16673954824606577
8,0.019920127119461672,0.13538551955125327,0.000400034196309932,0.5341880943006698,0.16156973251525095
9,0.01963520399613013,0.13128817610968763,0.00034614216063197085,0.5243384000720087,0.15627155131569095
