Epoch,Focal Loss,Dice Loss,IoU Loss,Total Loss,Validation Loss
1,0.06124176194038505,0.23249763223196215,0.0022388878896310587,1.4595717539955653,0.2403316418914234
2,0.0302991080925225,0.20479456330214654,0.0010605697030284292,0.811837297501488,0.20981517141940548
3,0.027469098447039215,0.1859048204432859,0.0008484559046934043,0.736135246406112,0.1964029111698562
4,0.025648303971687388,0.17281494746175605,0.000687407287249261,0.6864684334444837,0.1896558123476365
5,0.02421387400932118,0.16361226199156603,0.0006419858728475277,0.6485317303610283,0.179048236970808
6,0.023546787661952145,0.15646238492670256,0.0005440331031812317,0.627942170192549,0.17726692235937305
7,0.02174310352237458,0.14695550857752493,0.0004524999373202087,0.582270079667856,0.16952784432500018
8,0.020376820630629403,0.13846009725318684,0.0003895285456260488,0.5463860397458348,0.16650521842872396
9,0.020070412897893092,0.13365663618596105,0.00032949342679047794,0.535394387900965,0.16389621808832766
