Epoch,Focal Loss,Dice Loss,IoU Loss,Total Loss,Validation Loss
1,0.06127979593873364,0.23249335318871675,0.0022413544676368443,1.4603306226822672,0.24063354964349784
2,0.030286739616398117,0.2047859551151684,0.0010589816130735913,0.8115797319146115,0.2097873915644253
3,0.027496716104116893,0.1860591448792564,0.0008516730338914197,0.7368451405087473,0.196466997850175
4,0.025924407466524756,0.1742229805177328,0.0007217695531095877,0.6934328976348212,0.18988903743379257
5,0.024153502332364848,0.163339851657459,0.0006346122953342805,0.6470445103281451,0.17831117820506
6,0.02322258551632625,0.15477047300555982,0.0005175892425014728,0.6197397751661531,0.17395228147506714
7,0.021643798883181225,0.146147763674786,0.00044405304148325436,0.5794677944484767,0.17002384233124115
8,0.020339804616648544,0.13827238647704243,0.0003865683855831513,0.5454550457435208,0.16470318813534343
9,0.019994071255181333,0.13331976947045815,0.0003343287300889153,0.5335355218084092,0.16227521937267453
