Epoch,Focal Loss,Dice Loss,IoU Loss,Total Loss,Validation Loss
1,0.056537630286805994,0.22256177175017858,0.0023317790448618946,1.3556461540604507,0.2346533858308605
2,0.02939268684540801,0.19919770046355784,0.0010364122576332717,0.7880878502116931,0.20646232687959484
3,0.026401204402836418,0.17995338885279072,0.000800344892334647,0.7087778196180057,0.18741669199045966
4,0.02500783240609295,0.16867455330959485,0.0007219029850897153,0.6695531061203441,0.19212235919400758
5,0.02331477354104569,0.1584795854629308,0.0005966651870350403,0.6253717248932648,0.1764679796555463
6,0.022879379411102834,0.15248935627231294,0.0005331018142142823,0.6106100457811682,0.16869821151097616
7,0.02108473232724536,0.14254444823992823,0.0004501787817080724,0.5646892769054291,0.16662024998781727
8,0.02004847710459983,0.1362311945960842,0.0004125300059354904,0.5376132661158511,0.16240205864111582
9,0.01962595376565815,0.1312311631128837,0.0003436330944810971,0.5240938709645717,0.15695031644666896
