Epoch,Focal Loss,Dice Loss,IoU Loss,Total Loss,Validation Loss
1,0.10617550922841988,0.23995251359591996,0.005249069543801469,2.3687117612986466,0.3036429005510667
2,0.04324199738413741,0.2659881943179154,0.0027579339653368115,1.1335860699211546,0.28655319792382855
3,0.03857429978567131,0.25668831688939575,0.002105239374618256,1.030279552203376,0.2763400036914676
4,0.036973916917004045,0.24924825576551954,0.001774771899570433,0.9905013683716637,0.2708532079762104
5,0.03518302966670848,0.24216939743124544,0.0015934839344038236,0.9474234743922066,0.26085560929541496
6,0.03478740043047145,0.23704290186354132,0.0014694255725257862,0.9342603407851112,0.25288011834901925
7,0.03345026469583663,0.2320568636229478,0.0014087068922563131,0.9024708624038175,0.2455602963181103
8,0.032200824752543336,0.22652518287606555,0.0013131909553043264,0.8718548692033068,0.241295153019475
9,0.03232848183474671,0.22246265723656414,0.001216189812360743,0.8702484823440908,0.23854893913456038
