Epoch,Focal Loss,Dice Loss,IoU Loss,Total Loss,Validation Loss
1,0.0817145496534697,0.31482949819,0.005187470795786123,1.9543079753535755,0.3196106298881419
2,0.04325472871753852,0.27831483525404355,0.002529094487074381,1.1459384978089082,0.2924925801800747
3,0.03919627249733055,0.264801313230823,0.0020558972334370424,1.0507826584482518,0.2794612903220981
